,city id,city,country,lat,lon,cloudiness %,humidity %,max temp (F),wind speed (mph),date
0,5905393,Bonavista,CA,48.6499,-53.1147,12,70,41.0,8.05,1619406522
1,3424607,Tasiilaq,GL,65.6145,-37.6368,90,70,37.4,14.97,1619406228
2,5106841,Albany,US,42.6001,-73.9662,38,50,46.0,1.01,1619406382
3,3883457,Lebu,CL,-37.6167,-73.65,28,92,54.41,9.37,1619406523
4,2524371,Locri,IT,38.2414,16.2623,16,66,57.99,8.05,1619406523
5,107304,Buraidah,SA,26.326,43.975,20,50,75.2,5.75,1619406524
6,3357804,Eenhana,NA,-17.4667,16.3333,0,55,62.6,5.75,1619406524
7,3366880,Hermanus,ZA,-34.4187,19.2345,1,92,59.0,3.0,1619406524
8,4032243,Vaini,TO,-21.2,-175.2,40,83,80.6,5.75,1619406525
9,1645133,Dumai,ID,1.6833,101.45,93,83,82.71,0.51,1619406525
10,3137469,Sørland,NO,67.667,12.6934,100,61,37.62,9.91,1619406365
11,529368,Marfino,RU,55.7028,37.3822,0,74,34.0,11.18,1619406526
12,2071860,Esperance,AU,-33.8667,121.9,17,26,80.6,14.97,1619406526
13,80509,Al Bardīyah,LY,31.7561,25.0865,0,78,60.57,21.36,1619406526
14,1634266,Negara,ID,-8.3151,114.6025,7,63,85.5,4.21,1619406527
15,4036284,Alofi,NU,-19.0595,-169.9187,86,74,84.2,6.91,1619406527
16,2206939,Bluff,NZ,-46.6,168.3333,87,72,48.0,20.0,1619406527
17,2745087,Gemeente Wageningen,NL,51.9667,5.6667,32,80,37.0,6.91,1619406528
18,6185377,Yellowknife,CA,62.456,-114.3525,90,78,8.6,11.5,1619406528
19,3831208,Qaanaaq,GL,77.484,-69.3632,5,64,28.44,8.9,1619406529
20,1859964,Kaseda-shirakame,JP,31.4167,130.3167,75,34,66.2,8.05,1619406529
21,2075265,Busselton,AU,-33.65,115.3333,99,65,73.99,3.0,1619406529
22,2034599,Tailai,CN,46.3833,123.4,90,13,67.82,20.02,1619406530
23,4030556,Rikitea,PF,-23.1203,-134.9692,26,74,77.95,5.28,1619406530
24,3430863,Mar del Plata,AR,-38.0023,-57.5575,1,94,61.0,4.61,1619406530
25,964420,Port Elizabeth,ZA,-33.918,25.5701,0,88,57.2,2.84,1619406268
26,5563839,Fortuna,US,40.5982,-124.1573,75,87,50.0,3.44,1619406531
27,3471451,Arraial do Cabo,BR,-22.9661,-42.0278,66,86,74.05,8.75,1619406531
28,2548885,Fes,MA,34.0372,-4.9998,75,94,53.6,4.61,1619406532
29,1272502,Diu,IN,20.7141,70.9822,6,47,88.18,8.61,1619406532
30,2122090,Pevek,RU,69.7008,170.3133,99,85,25.27,1.5,1619406281
31,1515029,Ulaangom,MN,49.9811,92.0667,0,50,37.72,1.72,1619406533
32,2274275,Robertsport,LR,6.7533,-11.3686,100,79,81.81,8.21,1619406533
33,5880054,Barrow,US,71.2906,-156.7887,1,79,21.2,14.97,1619406533
34,1714733,Dingle,PH,10.9995,122.6711,73,52,89.87,5.32,1619406534
35,1786110,Yuancheng,CN,36.652,107.7896,0,48,57.65,10.89,1619406534
36,1735106,George Town,MY,5.4112,100.3354,20,74,87.8,5.75,1619406535
37,1282256,Hithadhoo,MV,-0.6,73.0833,63,67,82.6,4.5,1619406535
38,3833367,Ushuaia,AR,-54.8,-68.3,75,76,46.4,12.66,1619406277
39,4031574,Provideniya,RU,64.3833,-173.3,0,60,41.0,6.71,1619406536
40,3445026,Vila Velha,BR,-20.3297,-40.2925,0,83,77.0,3.44,1619406536
41,2126199,Cherskiy,RU,68.75,161.3,89,72,21.99,6.06,1619406536
42,1015776,Bredasdorp,ZA,-34.5322,20.0403,95,93,50.0,4.61,1619406537
43,3663517,Manaus,BR,-3.1019,-60.025,0,94,80.6,3.44,1619406262
44,3369157,Cape Town,ZA,-33.9258,18.4232,75,82,62.6,9.22,1619406307
45,5122534,Jamestown,US,42.097,-79.2353,40,86,34.0,10.36,1619406506
46,935215,Saint-Philippe,RE,-21.3585,55.7679,0,65,77.0,13.8,1619406538
47,6355222,Yulara,AU,-25.2406,130.9889,0,23,75.2,14.97,1619406254
48,2112802,Hasaki,JP,35.7333,140.8333,20,31,63.0,12.66,1619406539
49,5983720,Iqaluit,CA,63.7506,-68.5145,90,93,32.0,2.3,1619406539
50,2064735,Nhulunbuy,AU,-12.2333,136.7667,40,74,84.2,3.44,1619406539
51,3372707,Ribeira Grande,PT,38.5167,-28.7,20,72,59.0,12.66,1619406540
52,2173911,Broken Hill,AU,-31.95,141.4333,0,42,68.0,8.05,1619406540
53,2946366,Boppard,DE,50.2308,7.5899,100,64,35.6,10.36,1619406540
54,5282297,Bethel,US,41.3712,-73.414,1,50,55.4,4.61,1619406541
55,5848280,Kapaa,US,22.0752,-159.319,1,73,77.0,13.8,1619406541
56,4026082,Lázaro Cárdenas,MX,17.9583,-102.2,100,73,76.86,4.43,1619406542
57,3386177,Trairi,BR,-3.2778,-39.2689,21,85,76.06,5.64,1619406542
58,3466704,Castro,BR,-24.7911,-50.0119,98,95,56.16,2.91,1619406543
59,2084442,Vanimo,PG,-2.6741,141.3028,100,63,84.61,3.47,1619406543
60,3421765,Nanortalik,GL,60.1432,-45.2371,100,90,37.89,5.32,1619406353
61,964432,Port Alfred,ZA,-33.5906,26.891,91,45,71.47,9.46,1619406358
62,6201424,Mataura,NZ,-46.1927,168.8643,100,72,48.0,20.0,1619406545
63,506029,Poshekhon'ye,RU,58.4993,39.1353,100,98,32.56,13.18,1619406546
64,2629833,Husavik,IS,66.0449,-17.3389,90,87,35.6,8.05,1619406256
65,3652764,Puerto Ayora,EC,-0.7393,-90.3518,6,85,75.11,6.71,1619406546
66,2983408,Rive-de-Gier,FR,45.5307,4.6213,0,71,57.2,1.14,1619406546
67,5915327,Cap-aux-Meules,CA,47.3821,-61.8597,100,81,41.0,11.5,1619406358
68,1958457,Danlugan,PH,7.8914,123.3728,83,58,86.63,1.57,1619406547
69,1006984,East London,ZA,-33.0153,27.9116,86,46,67.59,9.24,1619406548
70,3389622,Santa Helena,BR,-2.2311,-45.3,87,97,72.82,2.21,1619406548
71,1489401,Toora-Khem,RU,52.4675,96.11,96,51,37.69,8.79,1619406548
72,3899695,Ancud,CL,-41.8697,-73.8203,90,100,53.01,2.3,1619406421
73,1625929,Sungai Penuh,ID,-2.0833,101.3833,100,74,74.55,0.38,1619406549
74,2038446,Baoqing,CN,46.3317,132.2111,66,21,57.07,4.85,1619406318
75,2074865,Carnarvon,AU,-24.8667,113.6333,1,22,89.6,6.91,1619406549
76,777019,Vardø,NO,70.3705,31.1107,75,74,28.4,11.5,1619406550
77,1054329,Vangaindrano,MG,-23.35,47.6,53,91,69.85,1.61,1619406550
78,3874787,Punta Arenas,CL,-53.15,-70.9167,90,93,44.6,5.75,1619406551
79,545272,Konstantinovskiy,RU,57.8301,39.5899,90,81,37.4,17.9,1619406551
80,2022572,Khatanga,RU,71.9667,102.5,100,88,15.85,16.13,1619406552
81,2163355,Hobart,AU,-42.8794,147.3294,20,45,66.2,19.57,1619406541
82,2065594,Mount Isa,AU,-20.7333,139.5,86,35,87.8,13.8,1619406286
83,1786538,Yining,CN,29.0361,114.5636,96,82,66.43,0.58,1619406552
84,2640377,Penzance,GB,50.1186,-5.5371,40,81,46.4,23.6,1619406553
85,3421193,Paamiut,GL,61.994,-49.6678,100,98,35.19,4.9,1619406553
86,556268,Ostrovnoy,RU,68.0531,39.5131,100,95,31.44,23.13,1619406274
87,5557293,Sitka,US,57.0531,-135.33,1,47,55.4,5.75,1619406554
88,3466165,Cidreira,BR,-30.1811,-50.2056,81,62,65.34,13.15,1619406554
89,2234794,Banyo,CM,6.75,11.8167,74,79,66.87,1.9,1619406555
90,3893726,Constitución,CL,-35.3333,-72.4167,0,78,56.61,9.44,1619406555
91,5866583,Saint Paul Harbor,US,57.79,-152.4072,20,76,44.6,10.36,1619406555
92,2136825,Isangel,VU,-19.55,169.2667,86,79,78.93,11.86,1619406556
93,1267390,Kavaratti,IN,10.5669,72.642,22,73,84.0,6.76,1619406556
94,546105,Nikolskoye,RU,59.7035,30.7861,90,93,39.0,11.18,1619406557
95,174448,Abu Kamal,SY,34.4506,40.9171,92,27,78.98,7.49,1619406557
96,4034551,Faanui,PF,-16.4833,-151.75,18,63,81.55,2.42,1619406557
97,3387130,Sumé,BR,-7.6717,-36.88,4,94,68.97,6.13,1619406558
98,1627877,Sembakung,ID,3.8167,117.25,75,83,82.4,5.75,1619406558
99,4020109,Atuona,PF,-9.8,-139.0333,64,76,80.01,16.78,1619406559
100,2338660,Yaan,NG,7.3833,8.5667,100,79,76.24,5.5,1619406559
101,888710,Kwekwe,ZW,-18.9281,29.8149,22,52,59.97,4.0,1619406560
102,2123814,Leningradskiy,RU,69.3833,178.4167,100,84,29.62,1.81,1619406560
103,6167817,Torbay,CA,47.6666,-52.7314,1,65,41.0,11.5,1619406295
104,2013918,Ust-Maya,RU,60.4167,134.5333,100,97,35.78,4.97,1619406561
105,2181625,Te Anau,NZ,-45.4167,167.7167,97,81,47.52,7.0,1619406561
106,5354943,Half Moon Bay,US,37.4636,-122.4286,1,87,54.0,6.91,1619406561
107,2294915,Takoradze,GH,4.8845,-1.7554,100,86,79.48,5.53,1619406562
108,5855927,Hilo,US,19.7297,-155.09,90,78,73.4,3.44,1619406375
109,4895282,Harvard,US,42.4222,-88.6137,96,69,37.99,9.31,1619406562
110,2017155,Saskylakh,RU,71.9167,114.0833,100,90,14.61,22.44,1619406357
111,4035715,Avarua,CK,-21.2078,-159.775,20,74,82.4,9.22,1619406563
112,2025256,Chumikan,RU,54.7183,135.315,88,71,41.52,9.33,1619406564
113,359792,Aswān,EG,24.0934,32.907,0,23,79.77,12.86,1619406564
114,1799686,Tongzi,CN,28.7829,105.0877,98,73,64.92,3.74,1619406564
115,2300883,Foso,GH,5.7012,-1.2866,95,94,74.91,2.77,1619406565
116,3575660,Pointe Michel,DM,15.25,-61.3833,14,71,77.9,11.3,1619406565
117,1651810,Airai,TL,-8.9266,125.4092,47,39,73.2,2.91,1619406566
118,371466,Leer,SS,8.3018,30.1418,100,82,75.97,2.91,1619406566
119,371745,Kutum,SD,14.2,24.6667,34,14,73.65,10.8,1619406566
120,2023333,Kachug,RU,53.9606,105.8817,100,59,38.71,14.23,1619406567
121,4734350,Stephenville,US,32.2207,-98.2023,1,53,73.4,10.36,1619406483
122,3598787,Champerico,GT,14.3,-91.9167,83,96,70.0,4.25,1619406568
123,986717,Kruisfontein,ZA,-34.0033,24.7314,100,61,64.02,4.43,1619406568
124,3418910,Upernavik,GL,72.7868,-56.1549,46,79,26.22,5.1,1619406569
125,2381334,Atar,MR,20.5169,-13.0499,0,21,76.6,5.61,1619406569
126,1028918,Pemba,MZ,-12.974,40.5178,75,94,73.4,8.05,1619406428
127,6067472,Marystown,CA,47.1666,-55.1483,92,82,38.32,6.55,1619406386
128,6165406,Thompson,CA,55.7435,-97.8558,90,100,30.2,2.21,1619406570
129,4013679,Coahuayana Viejo,MX,18.7333,-103.6833,81,87,72.77,0.98,1619406570
130,2033602,Xiuyan,CN,40.2928,123.2744,100,25,67.17,9.71,1619406570
131,3178605,Cividale del Friuli,IT,46.0931,13.4275,100,60,57.0,10.0,1619406571
132,1803245,Lishui,CN,28.4604,119.9103,62,58,73.94,3.27,1619406571
133,3837702,San Fernando del Valle de Catamarca,AR,-28.4696,-65.7852,0,87,57.0,1.99,1619406572
134,5870133,Nome,US,64.5011,-165.4064,1,57,46.4,4.61,1619406573
135,3423146,Ilulissat,GL,69.2167,-51.1,75,46,46.4,24.16,1619406574
136,3355672,Lüderitz,NA,-26.6481,15.1594,95,90,61.65,3.8,1619406575
137,2729907,Longyearbyen,SJ,78.2186,15.6401,20,73,12.2,5.75,1619406575
138,3984997,San Quintín,MX,30.4833,-115.95,34,80,57.6,9.51,1619406576
139,2090021,Namatanai,PG,-3.6667,152.4333,100,69,83.64,4.0,1619406576
140,3985710,Cabo San Lucas,MX,22.8909,-109.9124,90,40,75.0,11.5,1619406335
141,2633274,Akureyri,IS,65.6835,-18.0878,90,87,35.6,8.05,1619406577
142,2155415,New Norfolk,AU,-42.7826,147.0587,20,45,66.2,19.57,1619406577
143,946058,Mthatha,ZA,-31.5889,28.7844,87,36,58.32,4.7,1619406578
144,3374083,Bathsheba,BB,13.2167,-59.5167,40,61,78.8,16.11,1619406578
145,2121385,Severo-Kuril'sk,RU,50.6789,156.125,100,97,31.93,14.47,1619406578
146,523392,Naryan-Mar,RU,67.6713,53.087,100,94,37.38,6.15,1619406579
147,1177098,Harnai,PK,30.1005,67.9374,0,19,82.42,0.34,1619406579
148,1252942,Wardha,IN,20.75,78.6167,40,20,87.8,3.44,1619406579
149,2112309,Katsuura,JP,35.1333,140.3,20,30,62.01,9.22,1619406375
150,1507390,Dikson,RU,73.5069,80.5464,100,93,18.45,18.61,1619406580
151,1529102,Ürümqi,CN,43.801,87.6005,0,20,50.0,2.24,1619406580
152,5367788,Lompoc,US,34.6391,-120.4579,100,82,53.6,6.91,1619406581
153,3183284,Alghero,IT,40.5589,8.3181,70,87,51.8,1.14,1619406581
154,1052944,Angoche,MZ,-16.2325,39.9086,83,92,73.31,3.29,1619406582
155,6323121,Florianópolis,BR,-27.6146,-48.5012,75,83,69.8,6.91,1619406358
156,1259385,Port Blair,IN,11.6667,92.75,40,84,84.2,2.3,1619406582
157,2522091,Alcúdia,ES,39.8532,3.1214,20,82,61.0,13.8,1619406583
158,3462315,Governador Valadares,BR,-18.8511,-41.9494,60,76,72.28,0.83,1619406583
159,2136150,Luganville,VU,-15.5333,167.1667,62,77,83.39,6.11,1619406584
160,3421719,Narsaq,GL,60.9167,-46.05,75,32,50.0,31.07,1619406584
161,110690,Faya,SA,18.3851,42.4509,40,67,60.8,7.4,1619406369
162,6170031,Tuktoyaktuk,CA,69.4541,-133.0374,90,79,12.2,11.5,1619406584
163,6096551,Pangnirtung,CA,66.1451,-65.7125,98,81,30.88,6.49,1619406585
164,2460954,Araouane,ML,18.9048,-3.5265,11,15,86.81,5.28,1619406585
165,4726206,San Antonio,US,29.4241,-98.4936,1,57,77.0,17.27,1619406320
166,1510030,Biskamzha,RU,53.4497,89.5272,96,78,38.35,1.5,1619406586
167,2027296,Aykhal,RU,66.0,111.5,100,90,9.75,31.36,1619406586
168,5697939,North Platte,US,41.1239,-100.7654,1,44,66.99,9.22,1619406418
169,3832899,Viedma,AR,-40.8135,-62.9967,31,76,54.41,10.31,1619406587
170,4705086,Lamar,US,33.6668,-95.5836,1,68,66.2,10.36,1619406587
171,3984078,Santa María del Oro,MX,25.9333,-105.3667,100,12,70.21,14.38,1619406587
172,116406,Semīrom,IR,31.4167,51.5667,100,44,55.13,1.9,1619406588
173,1819729,Hong Kong,HK,22.2855,114.1577,100,79,75.0,3.0,1619406546
174,3454005,Piaçabuçu,BR,-10.4056,-36.4344,19,85,77.05,5.7,1619406588
175,2264557,Ponta do Sol,PT,32.6667,-17.1,47,83,59.0,1.99,1619406320
176,2094342,Kavieng,PG,-2.5744,150.7967,94,66,84.22,2.59,1619406589
177,6690296,Saint-Joseph,RE,-21.3667,55.6167,0,65,77.0,13.8,1619406589
178,2063036,Port Lincoln,AU,-34.7333,135.8667,1,63,66.13,7.65,1619406590
179,2021644,Posyet,RU,42.6508,130.8046,80,49,49.26,11.61,1619406590
180,1798634,Pingyi,CN,35.5006,117.6308,100,94,53.2,2.28,1619406312
181,1224061,Wattegama,LK,6.7989,81.4808,20,100,80.6,2.3,1619406591
182,5962442,Goderich,CA,43.7501,-81.7165,10,69,32.0,10.36,1619406591
183,3416888,Grindavik,IS,63.8424,-22.4338,0,93,37.4,12.66,1619406592
184,6943488,Causapscal,CA,48.3542,-67.227,100,87,39.29,11.65,1619406592
185,1649150,Bengkulu,ID,-3.8004,102.2655,42,67,84.22,4.88,1619406364
186,2522325,Agüimes,ES,27.9054,-15.4461,75,72,64.4,4.03,1619406593
187,524299,Murmashi,RU,68.8154,32.8115,75,93,30.2,6.71,1619406593
188,5919850,Chapais,CA,49.7834,-74.8492,90,93,24.8,13.8,1619406593
189,779622,Havøysund,NO,70.9963,24.6622,75,93,32.0,1.14,1619406594
190,3687972,Calamar,CO,10.2511,-74.9146,75,100,75.2,9.22,1619406594
191,2171099,Codrington,AU,-38.2667,141.9667,100,66,60.8,10.33,1619406595
192,3474574,Palmas,BR,-10.2128,-48.3603,75,100,71.6,3.44,1619406595
193,2976697,Saint-Vallier,FR,46.6411,4.3711,0,58,53.6,3.44,1619406596
194,1106677,Bambous Virieux,MU,-20.3428,57.7575,75,88,77.0,14.97,1619406596
195,2037346,Fuxin,CN,42.0156,121.6589,83,12,68.74,13.62,1619406596
196,5911745,Burns Lake,CA,54.2331,-125.7533,14,17,53.6,2.3,1619406597
197,934322,Mahébourg,MU,-20.4081,57.7,75,88,77.0,14.97,1619406597
198,2741961,Buarcos,PT,40.166,-8.8768,35,87,57.99,1.99,1619406598
199,6316343,Alta Floresta,BR,-9.8756,-56.0861,95,97,70.74,4.07,1619406326
200,6324729,Halifax,CA,44.6453,-63.5724,100,96,46.0,8.01,1619406579
201,3573374,The Valley,AI,18.217,-63.0578,40,69,80.6,11.5,1619406408
202,2110227,Butaritari,KI,3.0707,172.7902,17,73,83.21,11.56,1619406599
203,1516905,Taraz,KZ,42.9,71.3667,17,47,57.2,4.47,1619406599
204,2070998,Geraldton,AU,-28.7667,114.6,0,19,87.8,18.41,1619406307
205,5351496,Garden Acres,US,37.9638,-121.2294,75,82,57.0,12.66,1619406599
206,3380290,Sinnamary,GF,5.3833,-52.95,100,90,77.31,9.46,1619406600
207,1502026,Krasnoyarsk,RU,56.0097,92.7917,0,49,46.4,8.95,1619406600
208,2160053,Lithgow,AU,-33.4833,150.15,2,84,60.01,1.5,1619406601
209,2177069,Ballina,AU,-28.8667,153.5667,40,64,73.4,12.66,1619406601
210,3382160,Cayenne,GF,4.9333,-52.3333,75,94,78.8,9.22,1619406601
211,1337605,Mahibadhoo,MV,3.7833,72.9667,39,73,83.3,5.59,1619406604
212,7117100,Vila,PT,42.0304,-8.1588,31,94,52.0,2.71,1619406604
213,2980080,Saint-François,FR,46.4154,3.9054,0,58,53.6,3.44,1619406605
214,5364271,Laguna,US,38.421,-121.4238,1,54,57.99,10.36,1619406605
215,1252770,Yavatmal,IN,20.4,78.1333,88,15,93.69,10.8,1619406345
216,3879200,Mulchén,CL,-37.7167,-72.2333,2,82,50.72,4.12,1619406606
217,5859699,College,US,64.8569,-147.8028,1,19,64.4,2.28,1619406606
218,5855051,‘Ewa Beach,US,21.3156,-158.0072,40,57,80.6,8.05,1619406607
219,1504382,Kargasok,RU,59.0556,80.8572,99,90,39.33,8.25,1619406607
220,315621,Emirdağ,TR,39.0197,31.15,96,93,47.05,6.78,1619406608
221,1687894,Santa Rosa,PH,14.3122,121.1114,75,74,84.99,4.61,1619406608
222,1260728,Palakkad,IN,10.7833,76.65,20,74,82.4,2.3,1619406609
223,3373652,Oistins,BB,13.0667,-59.5333,40,61,78.8,16.11,1619406609
224,1078553,Ampanihy,MG,-24.7,44.75,0,75,69.03,6.2,1619406609
225,2017215,Sangar,RU,63.9242,127.4739,100,95,30.27,14.14,1619406610
226,1529376,Korla,CN,41.7597,86.1469,60,17,54.27,6.89,1619406610
227,5861897,Fairbanks,US,64.8378,-147.7164,1,17,64.4,3.44,1619406611
228,3698359,Chicama,PE,-7.8447,-79.1469,11,78,69.01,6.6,1619406611
229,5380437,Pacific Grove,US,36.6177,-121.9166,90,76,54.0,9.22,1619406579
230,2123979,Kuril'sk,RU,45.2333,147.8833,8,70,31.77,15.75,1619406611
231,3347019,Mossamedes,AO,-15.1961,12.1522,0,69,75.25,10.09,1619406612
232,3447409,Sombrio,BR,-29.1139,-49.6167,47,87,62.31,7.63,1619406612
233,2632287,Dalvik,IS,65.9702,-18.5286,90,87,35.6,6.91,1619406613
234,4513583,Hamilton,US,39.1834,-84.5333,20,61,48.0,3.2,1619406613
235,477340,Vakhrushi,RU,58.6847,50.0261,100,96,33.1,10.85,1619406613
236,2015306,Tiksi,RU,71.6872,128.8694,100,94,27.91,11.72,1619406614
237,204953,Tshikapa,CD,-6.4167,20.8,100,97,70.38,0.72,1619406614
238,2020584,Magistral'nyy,RU,56.1725,107.4458,98,79,36.46,6.89,1619406614
239,3838859,Río Gallegos,AR,-51.6226,-69.2181,0,50,53.6,12.66,1619406615
240,2063042,Port Hedland,AU,-20.3167,118.5667,0,12,89.6,21.85,1619406615
241,2194098,Ahipara,NZ,-35.1667,173.1667,24,65,63.72,8.68,1619406616
242,1150965,Ranong,TH,9.9658,98.6348,75,89,84.2,6.91,1619406616
243,933995,Souillac,MU,-20.5167,57.5167,75,88,77.0,14.97,1619406617
244,103630,Najrān,SA,17.4924,44.1277,40,49,73.4,2.06,1619406617
245,3419842,Sisimiut,GL,66.9395,-53.6735,100,78,38.26,6.11,1619406617
246,4033557,Tautira,PF,-17.7333,-149.15,20,69,82.4,4.61,1619406321
247,118704,Rāvar,IR,31.2656,56.8055,99,29,75.22,2.59,1619406618
248,2126123,Chokurdakh,RU,70.6333,147.9167,100,97,30.31,11.88,1619406619
249,5972762,Hay River,CA,60.8156,-115.7999,100,86,26.6,4.61,1619406619
250,2092164,Lorengau,PG,-2.0226,147.2712,90,66,85.5,3.44,1619406619
251,1726449,Basco,PH,20.4487,121.9702,72,65,76.15,18.63,1619406620
252,5970873,Hare Bay,CA,48.8499,-54.0148,13,70,41.0,8.05,1619406620
253,3462601,Gandu,BR,-13.7439,-39.4867,90,99,69.17,0.87,1619406620
254,1622318,Waingapu,ID,-9.6567,120.2641,18,55,84.51,12.08,1619406621
255,4031637,Lavrentiya,RU,65.5833,-171.0,96,93,33.21,0.36,1619406621
256,5924351,Clyde River,CA,70.4692,-68.5914,90,93,23.0,18.41,1619406621
257,3572462,Dunmore Town,BS,25.5,-76.65,0,81,78.44,8.97,1619406622
258,1215350,Bireun,ID,5.203,96.7009,97,67,84.36,1.66,1619406622
259,2098329,Daru,PG,-9.0763,143.2092,100,89,77.14,6.46,1619406623
260,898947,Senanga,ZM,-16.1167,23.2667,8,83,59.13,5.46,1619406623
261,5000500,Madison Heights,US,42.4859,-83.1052,1,80,36.0,10.36,1619406623
262,1852357,Shimoda,JP,34.6667,138.95,20,38,57.2,17.27,1619406624
263,2208248,Kaitangata,NZ,-46.2817,169.8464,100,74,48.0,15.01,1619406624
264,934649,Cap Malheureux,MU,-19.9842,57.6142,100,90,75.0,3.0,1619406624
265,3879429,Monte Patria,CL,-30.6919,-70.9467,0,54,65.86,0.83,1619406625
266,2377457,Nouadhibou,MR,20.931,-17.0347,0,88,64.4,13.8,1619406625
267,2012530,Zhigansk,RU,66.7697,123.3711,100,95,25.66,18.39,1619406626
268,1513491,Yangi Marg`ilon,UZ,40.4272,71.7189,1,35,69.8,4.61,1619406626
269,667303,Sfântu Gheorghe,RO,45.8667,25.7833,22,79,42.01,3.44,1619406626
270,2287778,Jacqueville,CI,5.2052,-4.4146,20,94,80.6,4.61,1619406627
271,2618795,Klaksvík,FO,62.2266,-6.589,100,100,42.8,19.57,1619406627
272,3372964,Lagoa,PT,39.05,-27.9833,100,85,58.96,11.32,1619406628
273,2871992,Memmingen,DE,47.9837,10.1853,67,69,37.0,6.91,1619406628
274,2178753,Kirakira,SB,-10.4544,161.9205,69,75,84.24,1.34,1619406628
275,4845585,Westport,US,41.1415,-73.3579,40,76,52.0,6.91,1619406629
276,934482,Grand Baie,MU,-20.0182,57.5802,100,90,75.0,3.0,1619406629
277,5746545,Portland,US,45.5234,-122.6762,75,66,54.0,9.22,1619406309
278,4021858,Guerrero Negro,MX,27.9769,-114.0611,100,82,59.32,12.53,1619406630
279,3893629,Coquimbo,CL,-29.9533,-71.3436,0,94,53.6,3.96,1619406630
280,1496588,Novozaimka,RU,56.4857,66.9241,33,63,47.86,13.0,1619406630
281,2641434,Northam,GB,51.0333,-4.2167,37,83,43.0,13.0,1619406631
282,797213,Pervomayskoye,RU,43.919,46.7102,100,83,52.77,6.96,1619406631
283,1489822,Tegul'det,RU,57.3064,88.1667,100,97,37.58,3.24,1619406632
284,3628473,San Cristobal,VE,7.7669,-72.225,75,83,78.8,3.44,1619406632
285,1735634,Kuching,MY,1.55,110.3333,40,74,87.8,5.75,1619406632
286,3354077,Opuwo,NA,-18.0607,13.84,0,60,61.75,2.15,1619406633
287,3483393,Ciudad Gustavo Díaz Ordaz,MX,26.2333,-98.5833,38,63,77.0,1.01,1619406633
288,7671223,Kloulklubed,PW,7.0419,134.2556,75,74,86.0,17.27,1619406633
289,4944903,Nantucket,US,41.2835,-70.0995,1,93,46.4,18.41,1619406594
290,2023584,Imeni Poliny Osipenko,RU,52.4201,136.4853,64,28,50.32,7.45,1619406634
291,1631637,Pemangkat,ID,1.1667,108.9667,5,65,85.78,1.12,1619406634
292,6111862,Port Hardy,CA,50.6996,-127.4199,75,82,51.8,4.61,1619406635
293,2206894,Hokitika,NZ,-42.7167,170.9667,94,75,54.91,14.7,1619406635
294,159071,Iringa,TZ,-7.7667,35.7,99,95,59.97,2.53,1619406635
295,3585968,El Salvador,SV,13.8333,-88.9167,40,83,80.6,2.3,1619406636
296,3461425,Ilhabela,BR,-23.7781,-45.3581,90,78,71.49,1.99,1619406537
297,143073,Ardakān,IR,32.31,54.0175,40,28,73.4,4.61,1619406636
298,3936456,Lima,PE,-12.0432,-77.0282,40,88,66.0,4.61,1619406345
299,2126710,Beringovskiy,RU,63.05,179.3167,52,90,31.93,1.52,1619406637
300,3608828,Iralaya,HN,15.0,-83.2333,13,70,79.27,10.71,1619406637
301,2014694,Tyrma,RU,50.0833,132.1667,91,23,55.85,6.29,1619406638
302,10722858,Forsytheganj,BY,52.6333,29.7333,21,86,29.46,5.3,1619406638
303,5882953,Aklavik,CA,68.2191,-135.0107,100,73,14.0,9.22,1619406345
304,3694178,Pacasmayo,PE,-7.4006,-79.5714,29,81,67.8,12.95,1619406639
305,1731298,Aloleng,PH,16.1307,119.7824,14,60,83.46,8.03,1619406639
306,2028164,Deputatsky,RU,69.3,139.9,73,82,27.57,4.12,1619406411
307,1485323,Zaykovo,RU,57.5613,62.7568,16,65,42.53,10.16,1619406640
308,95788,Hīt,IQ,33.6416,42.8251,100,17,84.49,9.33,1619406640
309,161616,Balkanabat,TM,39.5108,54.3671,7,30,74.64,2.19,1619406641
310,3703946,Narganá,PA,9.4428,-78.5906,93,80,79.81,12.06,1619406641
311,1512934,Saryagash,KZ,41.4511,69.1701,0,42,66.2,6.91,1619406642
312,1529660,Aksu,CN,41.1231,80.2644,14,20,61.48,7.05,1619406642
313,886990,Marondera,ZW,-18.1853,31.5519,94,67,57.69,2.93,1619406642
314,1791636,Weinan,CN,34.5036,109.5089,90,88,55.4,4.47,1619406643
315,2598243,Soubre,CI,5.7856,-6.6083,100,97,72.43,1.5,1619406643
316,1737486,Bintulu,MY,3.1667,113.0333,40,74,87.8,4.61,1619406643
317,1280037,Shache,CN,38.4167,77.2406,0,15,65.55,6.22,1619406644
318,3887344,Illapel,CL,-31.6308,-71.1653,0,64,63.19,1.61,1619406644
319,2032614,Baruun-Urt,MN,46.6806,113.2792,5,14,47.37,31.79,1619406348
320,3466980,Caravelas,BR,-17.7125,-39.2481,2,85,75.29,6.6,1619406645
321,3995171,Naco,MX,31.3347,-109.9483,1,7,71.6,9.22,1619406645
322,5536630,Cedar City,US,37.6775,-113.0619,1,20,60.8,26.46,1619406645
323,3337476,Konjic,BA,43.6519,17.9614,0,93,41.0,1.14,1619406646
324,5063646,Beatrice,US,40.2681,-96.747,1,59,66.2,8.05,1619406646
325,554318,Kalevala,RU,65.2,31.1667,100,90,31.68,9.75,1619406646
326,1718517,Caramay,PH,10.1815,119.236,46,63,85.19,5.1,1619406647
327,3063502,Úvaly,CZ,50.0739,14.7308,0,86,32.0,2.3,1619406647
328,1215502,Banda Aceh,ID,5.5577,95.3222,97,71,82.17,4.09,1619406648
329,3356832,Henties Bay,NA,-22.116,14.2845,4,93,60.01,1.99,1619406648
330,2120048,Ust-Nera,RU,64.5667,143.2,100,81,21.97,5.73,1619406648
331,2027042,Batagay-Alyta,RU,67.8006,130.4114,100,86,29.43,3.62,1619406649
332,5071348,Kearney,US,40.6995,-99.0815,1,63,66.2,11.5,1619406649
333,2318123,Yenagoa,NG,4.9247,6.2642,95,88,78.3,3.58,1619406650
334,3430545,Morón,AR,-34.6534,-58.6198,12,97,62.01,4.56,1619406650
335,5856516,‘Āhuimanu,US,21.4447,-157.8378,90,69,80.6,10.36,1619406651
336,2450849,Sokolo,ML,14.7328,-6.1219,59,26,88.16,8.43,1619406651
337,2361477,Dédougou,BF,12.4667,-3.4667,98,26,90.77,6.4,1619406651
338,2145554,Ulladulla,AU,-35.35,150.4667,0,42,69.01,5.75,1619406652
339,6255012,Flinders,AU,-34.5833,150.8552,0,42,72.0,5.75,1619406652
340,2978639,Arrondissement de Saint-Malo,FR,48.5,-1.8333,0,87,43.0,12.66,1619406653
341,3383434,Nieuw Amsterdam,SR,5.8833,-55.0833,99,93,78.01,1.01,1619406653
342,3141667,Roald,NO,62.5833,6.1333,9,87,35.6,12.66,1619406654
343,207596,Mweka,CD,-4.85,21.5667,93,99,67.69,1.1,1619406654
344,6111696,Port-Cartier,CA,50.0334,-66.8654,75,60,41.0,6.91,1619406654
345,2446796,Bilma,NE,18.6853,12.9164,1,13,84.7,7.63,1619406655
346,2138555,Poum,NC,-20.2333,164.0167,52,69,77.41,22.08,1619406655
347,5478673,Meadow Lake,US,34.8014,-106.5436,75,6,73.4,17.27,1619406655
348,292968,Abu Dhabi,AE,24.4667,54.3667,0,36,82.4,2.3,1619406656
349,3357247,Gobabis,NA,-22.45,18.9667,1,28,58.68,10.85,1619406656
350,3441890,Departamento de Maldonado,UY,-34.6667,-54.9167,20,72,64.4,19.57,1619406656
351,3039162,Sant Julià de Loria,AD,42.4625,1.4825,99,75,48.99,1.01,1619406657
352,352733,Marsá Maţrūḩ,EG,31.3525,27.2453,40,77,62.6,14.97,1619406657
353,1174062,Kharan,PK,28.5833,65.4167,2,25,78.37,1.97,1619406658
354,3893656,Copiapó,CL,-27.3667,-70.3333,90,77,60.8,8.05,1619406658
355,4726521,San Patricio,US,28.017,-97.5169,75,88,72.0,11.5,1619406658
356,339692,Debre Sīna,ET,9.85,39.7667,99,79,54.43,1.92,1619406659
357,712682,Bekhtery,UA,46.251,32.2927,0,81,48.0,4.47,1619406614
358,3372472,Vila Franca do Campo,PT,37.7167,-25.4333,75,88,57.2,10.36,1619406659
359,740263,Samsun Province,TR,41.25,36.3333,75,87,50.0,3.44,1619406660
360,2295684,Salaga,GH,8.5508,-0.5188,76,75,80.29,6.38,1619406660
361,625144,Minsk,BY,53.9,27.5667,0,93,26.6,4.47,1619406366
362,6144195,Senneterre,CA,48.3835,-77.2328,90,80,23.0,16.11,1619406660
363,3655131,La Libertad,EC,-2.2333,-80.9,70,83,73.51,5.39,1619406661
364,2141714,Bourail,NC,-21.5667,165.4833,78,71,75.06,11.39,1619406661
365,3443061,Chui,UY,-33.6971,-53.4616,54,77,60.03,8.23,1619406662
366,2191562,Dunedin,NZ,-45.8742,170.5036,81,85,47.95,20.13,1619406662
367,4907910,Rock Island,US,41.45,-90.5168,1,53,48.99,12.66,1619406663
368,1259184,Puri,IN,19.8,85.85,50,74,86.0,11.5,1619406663
369,2647356,Hastings,GB,50.8552,0.5729,75,81,42.8,17.27,1619406663
370,3412093,Vestmannaeyjar,IS,63.4427,-20.2734,1,81,44.53,5.7,1619406664
371,3670218,San Andrés,CO,12.5847,-81.7006,40,74,82.4,10.36,1619406664
372,2269142,Colares,PT,38.7992,-9.4469,40,100,59.0,4.61,1619406665
373,2024626,Dzhebariki-Khaya,RU,62.2167,135.8,100,91,32.34,6.04,1619406665
374,2310046,Bata,GQ,1.8639,9.7658,96,86,78.15,2.48,1619406665
375,3899539,Antofagasta,CL,-23.65,-70.4,20,88,59.0,2.3,1619406666
376,1242110,Kalmunai,LK,7.4167,81.8167,100,72,82.72,5.7,1619406666
377,780687,Berlevåg,NO,70.8578,29.0864,40,93,32.0,11.5,1619406667
378,6156307,Stettler,CA,52.3168,-112.7186,93,56,37.4,6.91,1619406667
379,8079926,Labuhan,ID,-6.8844,112.2051,0,65,85.44,11.77,1619406667
380,3166350,Sorrento,IT,40.626,14.3744,45,54,55.0,4.16,1619406668
381,5546220,Saint George,US,37.1041,-113.5841,1,15,71.6,5.75,1619406662
382,57000,Hobyo,SO,5.3505,48.5268,85,64,83.05,8.01,1619406668
383,5919915,Chapleau,CA,47.8405,-83.4034,7,95,16.05,2.08,1619406669
384,1497337,Kayerkan,RU,69.3497,87.7602,99,79,13.01,5.01,1619406669
385,3515200,Totolapan,MX,18.5167,-96.1833,75,94,79.0,4.56,1619406670
386,1163054,Turbat,PK,26.0023,63.044,30,34,84.63,1.86,1619406670
387,211647,Lodja,CD,-3.4833,23.4333,100,99,68.09,1.28,1619406670
388,1507745,Choya,RU,52.0108,86.5467,100,64,42.31,3.31,1619406671
389,3115824,Muros,ES,42.7762,-9.0603,16,95,55.0,4.85,1619406407
390,485660,Tsimmerbude,RU,54.675,20.1347,75,93,34.0,8.95,1619406672
391,1067565,Beloha,MG,-25.1667,45.05,0,77,69.37,5.12,1619406672
392,2524181,Melito di Porto Salvo,IT,37.9222,15.7714,72,66,57.99,8.05,1619406673
393,4334734,Natchitoches,US,31.7668,-93.1335,1,88,60.8,6.93,1619406673
394,2055166,Sayansk,RU,54.1088,102.1648,98,84,35.6,14.23,1619406674
395,3838233,Salta,AR,-24.7859,-65.4117,90,88,57.2,2.3,1619406634
396,154638,Matai,TZ,-8.3,31.5167,60,97,55.36,4.32,1619406674
397,2315026,Kasongo-Lunda,CD,-6.4667,16.8167,77,97,69.62,0.2,1619406675
398,2036338,Kaitong,CN,44.8135,123.15,100,13,67.48,18.92,1619406675
399,3420768,Qasigiannguit,GL,68.8193,-51.1922,75,46,46.4,24.16,1619406676
400,3420846,Qaqortoq,GL,60.7167,-46.0333,75,32,50.0,31.07,1619406676
401,962367,Richards Bay,ZA,-28.783,32.0377,3,92,63.93,3.6,1619406676
402,1488632,Uglovskoye,RU,51.3557,80.1942,44,30,52.47,16.93,1619406677
403,3387296,Sobral,BR,-3.6861,-40.3497,14,95,71.89,2.3,1619406677
404,113659,Tabas,IR,33.5959,56.9244,89,17,81.1,1.61,1619406678
405,462984,Zhirnovsk,RU,50.9845,44.7735,100,63,39.27,4.81,1619406678
406,3094086,Kwidzyn,PL,53.7249,18.9311,38,89,30.0,4.7,1619406569
407,5826559,Green River,US,41.5286,-109.4662,75,53,46.4,4.61,1619406679
408,4470244,Havelock,US,34.8791,-76.9013,57,87,55.99,2.15,1619406679
409,3358666,Aranos,NA,-24.1333,19.1167,0,24,62.87,9.98,1619406679
410,4033077,Vaitape,PF,-16.5167,-151.75,17,63,81.55,2.44,1619406680
411,2660707,Frutigen,CH,46.5878,7.6475,100,71,48.0,1.01,1619406680
412,506763,Polyarny,RU,69.1989,33.4478,75,93,30.2,6.71,1619406681
413,102527,Sakakah,SA,29.9697,40.2064,0,23,75.2,11.5,1619406681
414,2093846,Kiunga,PG,-6.1219,141.2906,76,48,92.34,2.19,1619406682
415,496278,Severomorsk,RU,69.0689,33.4162,75,93,30.2,6.71,1619406682
416,1280957,Jiayuguan City,CN,39.8167,98.3,2,11,47.08,12.77,1619406682
417,3361934,Saldanha,ZA,-33.0117,17.9442,14,94,60.8,9.22,1619406683
418,2122574,Ola,RU,59.5833,151.2833,13,55,24.64,2.91,1619406683
419,1793665,Jinxi,CN,30.4323,116.2922,100,80,63.37,1.88,1619406683
420,1174451,Keti Bandar,PK,24.1447,67.4497,0,68,83.12,13.8,1619406684
421,287832,Ibrā’,OM,22.6906,58.5334,31,28,80.83,2.01,1619406684
422,286245,Sur,OM,22.5667,59.5289,23,40,86.31,4.83,1619406685
423,4569313,Anderson,US,34.5334,-82.6499,40,51,60.8,6.91,1619406406
424,3372783,Ponta Delgada,PT,37.7333,-25.6667,75,88,57.2,10.36,1619406685
425,3576994,Cockburn Town,TC,21.4612,-71.1419,50,74,78.33,16.73,1619406425
426,3947322,Arequipa,PE,-16.3989,-71.535,0,61,58.53,1.39,1619406686
427,3374333,Praia,CV,14.9215,-23.5087,40,77,68.0,10.36,1619406686
428,1226260,Trincomalee,LK,8.5711,81.2335,59,69,82.17,5.86,1619406687
429,5149493,Celina,US,40.5489,-84.5702,1,70,45.0,6.64,1619406687
430,6148373,Sioux Lookout,CA,50.1001,-91.917,75,38,39.2,2.3,1619406687
431,4156975,Gonzalez,US,30.5816,-87.2914,1,56,69.8,4.61,1619406688
432,2018069,Peleduy,RU,59.6289,112.7406,100,98,35.94,10.8,1619406688
433,3148133,Larsnes,NO,62.2028,5.5773,9,78,34.0,1.99,1619406689
434,4033543,Teahupoo,PF,-17.8333,-149.2667,20,69,82.4,4.61,1619406689
435,1804874,Kaihua,CN,23.3687,104.28,57,65,75.9,9.15,1619406689
436,1538641,Kedrovyy,RU,56.1667,91.8167,0,49,46.4,8.95,1619406690
437,480851,Tsivil'sk,RU,55.8611,47.4664,0,69,35.6,24.61,1619406690
438,2125711,Esso,RU,55.9333,158.7,100,97,33.01,3.02,1619406690
439,343402,Āsbe Teferī,ET,9.0833,40.8667,100,91,61.03,5.26,1619406691
440,4676740,Brownsville,US,25.9018,-97.4975,1,78,73.4,8.05,1619406585
441,3414079,Olafsvik,IS,64.8945,-23.7142,14,88,39.33,12.26,1619406691
442,499161,Sal'sk,RU,46.4725,41.5428,100,97,45.82,10.02,1619406692
443,535839,Leshukonskoye,RU,64.8989,45.7622,100,95,39.76,5.68,1619406692
444,609906,Fort-Shevchenko,KZ,44.5086,50.263,91,81,55.58,15.17,1619406692
445,932960,Werda,BW,-25.2667,23.2833,80,28,64.94,7.07,1619406693
446,2024449,Elban,RU,50.1018,136.5094,34,29,50.0,8.88,1619406693
447,2014078,Urusha,RU,54.05,122.9,100,46,52.59,7.16,1619406693
448,2025456,Chernyshevskiy,RU,63.0128,112.4714,91,66,21.76,12.03,1619406694
449,2128975,Nemuro,JP,43.3236,145.575,20,29,44.6,12.66,1619406694
450,5150651,Clyde,US,41.3042,-82.9752,95,71,46.99,8.72,1619406695
451,3868707,Valdivia,CL,-39.8142,-73.2459,90,100,42.8,3.44,1619406695
452,1816705,Beihai,CN,21.4833,109.1,100,86,78.17,14.88,1619406695
453,2112444,Kamaishi,JP,39.2667,141.8833,40,28,51.8,9.22,1619406696
454,3402648,Carutapera,BR,-1.195,-46.02,49,91,76.01,4.7,1619406696
455,2111884,Miyako,JP,39.6367,141.9525,76,56,44.37,19.08,1619406696
456,3451138,Rio Grande,BR,-32.035,-52.0986,51,88,60.01,1.99,1619406697
457,4870380,Ottumwa,US,41.02,-92.4113,1,58,55.99,13.8,1619406698
458,2255285,Sibiti,CG,-3.6819,13.3499,69,98,68.79,1.81,1619406698
459,1850708,Tanabe,JP,33.7333,135.3667,20,32,64.4,17.27,1619406698
460,2313084,Mangai,CD,-4.05,19.5333,100,98,69.31,2.15,1619406699
461,3379507,Bartica,GY,6.4,-58.6167,20,94,77.0,2.3,1619406699
462,2527087,Tiznit Province,MA,29.5833,-9.5,80,78,56.3,1.92,1619406699
463,4231997,Avera,US,33.194,-82.5271,1,60,60.8,5.23,1619406700
464,1494482,Polunochnoye,RU,60.8697,60.4153,25,75,38.93,9.69,1619406700
465,2063039,Port Keats,AU,-14.25,129.55,97,40,90.77,3.6,1619406666
466,1337619,Ugoofaaru,MV,5.6667,73.0,5,71,83.53,3.56,1619406701
467,2449893,Tessalit,ML,20.1986,1.0114,9,8,85.24,8.41,1619406528
468,3974771,Praxédis Guerrero,MX,31.3667,-106.0167,75,7,79.0,6.91,1619406701
469,556430,Imeni Zhelyabova,RU,58.9544,36.5956,100,98,32.59,9.86,1619406702
470,1213855,Sibolga,ID,1.7427,98.7792,87,63,85.15,2.71,1619406702
471,1737185,Kapit,MY,2.0167,112.9333,27,64,88.21,0.2,1619406703
472,497927,Segezha,RU,63.7415,34.3222,100,83,34.23,15.79,1619406703
473,6089245,Norman Wells,CA,65.282,-126.8329,20,44,33.8,13.8,1619406703
474,778707,Mehamn,NO,71.0357,27.8492,40,93,32.0,11.5,1619406704
475,1510377,Belyy Yar,RU,53.6039,91.3903,0,39,46.4,4.47,1619406704
476,1634614,Nabire,ID,-3.3667,135.4833,87,67,85.17,5.08,1619406704
477,3433715,Goya,AR,-29.14,-59.2626,0,73,51.66,4.83,1619406705
478,1633034,Palu,ID,-0.8917,119.8707,48,49,92.35,2.68,1619406705
479,5954718,Flin Flon,CA,54.7682,-101.865,100,70,29.35,1.88,1619406706
480,3391889,Pitimbu,BR,-7.4706,-34.8086,20,94,75.2,4.61,1619406706
481,1526038,Atbasar,KZ,51.8,68.3333,100,84,45.3,7.81,1619406707
482,1161724,Chabahar,IR,25.2919,60.643,52,61,81.63,3.44,1619406707
483,5879400,Anchorage,US,61.2181,-149.9003,1,37,55.4,4.61,1619406695
484,1168749,Nushki,PK,29.5542,66.0215,0,18,78.73,4.83,1619406708
485,3465373,Correntina,BR,-13.3433,-44.6367,100,79,73.4,2.68,1619406708
486,3374462,Mindelo,CV,16.8901,-24.9804,40,68,69.8,10.36,1619406709
487,2208791,Yafran,LY,32.0633,12.5286,100,62,57.58,13.51,1619406709
488,4720067,Lavaca,US,28.615,-96.6261,90,83,73.4,11.5,1619406709
489,2109701,Auki,SB,-8.7676,160.7034,100,72,84.31,5.26,1619406710
490,1609278,Laem Sing,TH,12.4816,102.0738,20,89,88.0,2.3,1619406710
491,2986626,Plouzané,FR,48.3833,-4.6167,0,81,44.6,19.57,1619406711
492,2192362,Christchurch,NZ,-43.5333,172.6333,0,29,62.01,12.66,1619406437
493,2970797,Vandœuvre-lès-Nancy,FR,48.65,6.1833,0,60,50.0,9.22,1619406711
494,866062,Iskateley,RU,67.6803,53.1512,100,93,37.38,6.22,1619406711
495,189280,Lodwar,KE,3.1191,35.5973,100,59,80.85,2.44,1619406712
496,6137462,Saint-Augustin,CA,51.226,-58.6502,24,79,36.46,6.89,1619406712
497,2094027,Kieta,PG,-6.2167,155.6333,23,63,86.56,7.25,1619406713
498,3385077,Conde,BR,-7.2597,-34.9075,20,94,75.2,4.61,1619406713
499,5503914,Fallon,US,39.4735,-118.7774,75,32,51.8,13.8,1619406713
500,3388868,São Domingos do Maranhão,BR,-5.5758,-44.3853,100,94,72.27,0.83,1619406714
501,2180815,Tuatapere,NZ,-46.1333,167.6833,97,72,48.0,20.0,1619406714
502,2033168,Zhaodong,CN,46.0833,125.9833,0,27,60.8,8.95,1619406715
503,1698289,Pundaguitan,PH,6.3711,126.1689,100,71,83.3,2.33,1619406715
504,5392593,San Ramon,US,37.7799,-121.978,1,82,53.01,13.8,1619406715
505,6149996,Smithers,CA,54.7804,-127.1743,1,19,57.2,10.36,1619406716
506,2707684,Härnösand,SE,62.6323,17.9379,90,55,33.8,10.36,1619406716
507,3444924,Vitória,BR,-20.3194,-40.3378,0,83,77.0,3.44,1619406717
508,1645528,Denpasar,ID,-8.65,115.2167,20,79,86.0,10.36,1619406717
509,1524787,South Kazakhstan Region,KZ,43.0,68.0,6,25,64.9,15.03,1619406718
510,3921141,Charagua,BO,-19.8,-63.2167,0,86,55.96,4.92,1619406718
511,3118514,Lleida,ES,41.6167,0.6167,0,58,57.2,18.41,1619406718
512,1160939,Iranshahr,IR,27.2025,60.6848,0,23,77.0,4.61,1619406719
513,1855540,Naze,JP,28.3667,129.4833,75,57,77.0,14.97,1619406719
514,2825297,Stuttgart,DE,48.7823,9.177,0,65,39.99,4.61,1619406583
515,1791779,Wanning,CN,18.8003,110.3967,99,73,82.96,10.31,1619406720
516,2021031,Kyren,RU,51.6828,102.1408,91,57,39.27,2.42,1619406720
517,6173361,Vanderhoof,CA,54.0166,-124.0198,4,41,44.2,1.92,1619406720
518,2015701,Taksimo,RU,56.3444,114.8794,100,59,39.25,5.03,1619406721
519,368277,Rabak,SD,13.1809,32.74,56,54,82.33,16.96,1619406721
520,1507116,Dudinka,RU,69.4058,86.1778,100,90,13.1,8.3,1619406722
521,6078372,Moose Factory,CA,51.2585,-80.6094,1,79,19.4,3.44,1619406722
522,3860443,Comodoro Rivadavia,AR,-45.8667,-67.5,0,76,50.0,4.61,1619406722
523,1848633,Yamazakichō-nakabirose,JP,35.0,134.55,20,41,60.8,14.97,1619406723
524,1261927,Nandyāl,IN,15.4833,78.4833,34,35,89.02,5.7,1619406723
525,5895424,Bay Roberts,CA,47.5999,-53.2648,27,85,41.0,1.01,1619406724
526,711894,Bohodukhiv,UA,50.1647,35.5276,0,65,39.2,6.71,1619406724
527,1271685,Gangānagar,IN,29.9167,73.8833,0,10,89.35,4.27,1619406725
528,1626542,Sorong,ID,-0.8833,131.25,44,62,86.25,4.34,1619406679
529,2014836,Tupik,RU,54.4253,119.9327,100,56,50.45,10.54,1619406725
530,3654541,Macas,EC,-2.3167,-78.1167,99,97,67.06,2.26,1619406726
531,1637001,Luwuk,ID,-0.9516,122.7875,76,64,85.82,6.11,1619406726
532,6164499,The Pas,CA,53.8251,-101.2541,75,44,37.4,5.75,1619406726
533,4323873,Estelle,US,29.8458,-90.1067,1,94,70.0,3.44,1619406727
534,4301317,Morehead,US,37.2711,-87.1764,1,93,50.0,5.75,1619406727
535,3359638,Walvis Bay,NA,-22.9575,14.5053,27,100,60.01,6.91,1619406727
536,2017658,Preobrazheniye,RU,42.9019,133.9064,60,49,47.93,11.77,1619406728
537,487928,Novikovo,RU,51.1537,37.8879,93,77,38.28,2.59,1619406728
538,2253354,Dakar,SN,14.6937,-17.4441,0,94,68.0,16.11,1619406729
539,5364022,La Palma,US,33.8464,-118.0467,75,72,61.0,9.22,1619406729
540,3451399,Ribas do Rio Pardo,BR,-20.4431,-53.7592,100,87,69.08,4.25,1619406729
541,3038333,Arrondissement d'Ajaccio,FR,42.0,8.9167,0,76,50.0,4.61,1619406730
542,2035836,Manzhouli,CN,49.6,117.4333,67,33,63.46,20.87,1619406730
543,3901903,Uyuni,BO,-20.4597,-66.825,0,25,38.73,10.2,1619406730
544,5368361,Los Angeles,US,34.0522,-118.2437,1,59,60.8,9.98,1619405977
545,1860335,Kamogatachō-kamogata,JP,34.5333,133.5833,20,29,68.0,13.8,1619406731
